storehouse,方舱医院(新洲区),方舱医院(白马驿站),长江新城方舱医院,方舱医院(洪山体育馆),方舱医院(石牌岭高级职业中学),方舱医院(江汉经济开发区),方舱医院(武汉体育馆),方舱医院(武汉体育中心),方舱医院(武钢体育馆),方舱医院(中国光谷日海),方舱医院(黄陂一中体育馆),方舱医院(塔子湖全民健身中心),方舱医院(蔡甸区知音谷),方舱医院(武汉国际博览中心),方舱医院(武汉国际会展中心),方舱医院(湖北省委党校新校区),方舱医院(武汉经济开发区沌口),方舱医院(中国光谷科技会展中心),方舱医院(大花山户外运动中心),方舱医院(武汉市体育运动学校体育馆),武汉市蔡甸区中医医院,武汉市蔡甸区人民医院,武汉市东西湖区人民医院,华中科技大学同济医学院附属同济医院（中法新城院区）,武汉市汉南区人民医院,武汉市汉南区中医医院,华中科技大学同济医学院附属协和医院（西院）,武汉市第四医院(西院区),黄陂区人民医院盘龙院区,武汉市中医医院（汉阳院区）,武汉市肺科医院,武汉市汉阳医院,武汉市金银潭医院,武汉市红十字会医院,湖北省中西医结合医院,民生耳鼻喉专科医院,武汉市第一医院,武汉市第五医院,武汉市第六医院,武汉市黄陂区人民医院,武汉市汉口医院,武汉市黄陂区中医医院,武汉市第八医院,黄陂区鲁台社区卫生服务中心,武汉紫荆医院,武汉市武昌医院,武汉科技大学附属天佑医院,武汉市第七医院,解放军中部战区总医院,武汉市第九医院,武汉市江夏区第一人民医院,武汉市江夏区中医医院,湖北六七二中西医结合骨科医院,青山区石化医院,武汉市第三医院（光谷院区）,湖北省人民医院(东院),武汉市新洲区中医医院,新洲区人民医院,武汉济和医院,武汉太康医院,武汉龙阳医院,武汉市中心医院（后湖院区）,湖北省第三人民医院,华中科技大学同济医学院附属同济医院,武汉市第四医院,华中科技大学同济医学院附属协和医院,长江航运总医院,武汉亚洲心脏病医院,武汉亚心总医院,武汉市儿童医院,华中科技大学同济医院附属梨园医院,武汉市中心医院,武汉市中医医院,解放军中部战区总医院（汉口院区）,武汉大学人民医院,武汉市第三医院,湖北省中医院,武警湖北省总队医院,武汉市中南医院,湖北省妇幼保健院,武汉市普仁医院,江夏区纸坊街社区卫生服务中心,华润武钢总医院,湖北省荣军医院,武汉市石化医院,湖北省中医院（光谷院区）,武汉市武东医院,武汉大学人民医院（东院）,华中科技大学同济医学院附属同济医院（光谷院区）,湖北省第三人民医院阳逻院区,武汉蔡甸火神山医院,武汉雷神山医院,武汉市红十字会,武汉国际博览中心,慈善总会联合仓库,武汉市江岸区应急管理局,武汉市汉阳区应急管理局,武汉市新洲区应急管理局,武汉市蔡甸区应急管理局,黄陂区应急管理局,武汉市江夏区应急管理局,洪山区应急管理局,武汉市青山区应急管理局,武汉市江汉区应急管理局,武汉市东西湖区应急管理局,武汉市武昌区应急管理局,武汉市硚口区应急管理局,武汉市经济技术开发区(汉南区)应急管理局
方舱医院(新洲区),0,62120,54991,72216,75179,71088,76707,86193,66524,84932,66085,65096,114646,86882,70361,74676,94508,62586,94010,79121,104891,102602,86930,89230,130931,133263,88061,76685,63189,83961,76385,79700,65109,71167,71607,66936,71031,74113,67014,56314,63697,56301,65099,55252,72222,66153,75037,72791,74709,63959,104630,102107,75552,62223,76301,82426,1960,1174,104418,78789,80670,69095,78473,70356,71492,69224,69884,68481,68481,67632,68956,68956,67371,69283,77147,76185,75284,74117,71039,73619,63485,102790,61824,78820,62223,76606,57088,82426,66682,37398,110297,89083,67767,86988,68334,66663,79864,427,104654,55433,101073,76953,63009,71856,85432,75128,76879,86002
方舱医院(白马驿站),61319,0,15424,15357,18320,27788,24353,39727,9665,29364,50300,22811,51233,33040,23649,31120,45361,18818,35598,32656,50238,47949,39316,41886,65866,68198,41419,31340,30984,35715,24694,30343,25184,22964,23405,20444,24319,24566,20303,48811,19252,48865,18366,37331,15363,14804,18179,15933,17850,8924,36257,38343,18693,9704,16305,21389,62819,61942,49765,36385,34204,23156,26120,23645,24781,22513,19250,21770,21770,19187,20567,20567,20794,19782,20288,19326,18426,17259,14181,16760,11264,37078,7356,22953,9704,16610,5779,21389,17985,26077,46892,35321,20396,33147,46176,21961,33398,61712,50001,48868,38700,20094,7913,23654,38390,18270,30413,39537
长江新城方舱医院,55508,15100,0,20522,23266,19019,17851,30958,15564,42088,34559,14042,42464,30789,17147,18012,39273,31541,48322,23887,41469,39180,30547,33116,58013,60344,32827,22571,15154,27868,18191,23607,12077,14195,14636,11675,17817,20900,13800,33071,10483,33125,11886,27130,16887,12940,23344,21098,22796,13585,40737,44123,23639,12371,27658,34113,57008,56132,40996,27616,25435,14387,22380,17143,18278,16010,14894,15267,15267,14418,15742,15742,14157,11013,25453,24045,21036,21312,19127,21706,13633,42545,11972,26908,12371,29333,20527,34113,30709,24169,38123,37170,14553,30895,30436,13192,24629,55902,41232,33128,44480,25040,13157,14884,29621,19871,21644,30768
方舱医院(洪山体育馆),73265,12299,20955,0,3839,19892,10906,23915,11826,26799,47427,16788,35421,15151,11316,30301,27351,22628,26195,12707,36153,33864,31480,25799,47856,50188,23409,20979,28112,17705,12258,11822,22446,12173,12054,14354,10062,8981,10102,45939,13993,45993,11189,47950,6858,9784,3713,1467,4337,13700,22894,26280,6121,21650,11569,22043,74765,73889,35680,28549,15556,13985,11369,11223,9631,11845,11093,11102,11102,10268,9594,9594,9822,12233,4678,3742,3406,2239,4149,3863,14422,24701,16004,9065,21650,10349,17726,22043,18612,38024,30805,19137,9423,15258,43304,15938,14323,73659,35915,45996,26637,7197,15335,11914,30554,2860,19575,23725
方舱医院(石牌岭高级职业中学),75306,14340,22903,4333,0,22914,12355,22624,15093,24736,51085,20446,34130,15031,12765,34138,26498,20565,24132,14156,36032,33743,34867,25679,47004,49335,22556,20858,34214,16414,13707,11702,26104,14599,15853,18012,11511,10570,12528,49596,17651,49650,13614,51608,9283,13442,3569,3447,1272,16395,20831,24217,3738,23691,9186,19980,76806,75930,35560,31936,15435,16411,14391,12672,11080,13528,13518,13611,13611,12694,12020,12020,12248,14658,6152,5190,5974,5485,7240,1917,17116,22638,18045,7002,23691,7965,19766,19980,16549,40065,30685,17264,11849,15138,46961,19596,14202,75700,35795,49653,24574,5134,18029,14339,33941,5061,19455,22434
方舱医院(江汉经济开发区),71964,25581,21689,18316,20550,0,7937,18563,21342,43736,38291,7927,30069,18112,9458,15036,26879,39565,42823,12136,30141,27852,14796,22306,45336,47668,20889,7227,15111,15192,7616,10931,10048,7876,8316,9558,9818,12900,10168,36803,10133,36856,12927,38814,17774,16580,19727,18969,21047,19688,39521,42907,22832,28661,29970,38979,73464,72588,29668,9850,13040,5804,9704,8323,10112,8360,9454,10268,10268,9666,12568,12568,12961,11268,17276,16045,18437,19227,21990,24569,20409,41329,22083,26001,28661,29884,31008,38979,35548,41914,27312,30539,13027,18219,29239,11060,12234,72358,29904,36860,53053,24392,21323,8565,13869,16852,7367,18373
方舱医院(武汉体育馆),70886,18970,17177,11750,12695,9335,0,15821,18322,36650,45550,11789,27328,12670,1621,20559,19389,32479,37381,6694,29028,26739,20922,18674,39894,42226,15447,7117,20634,9750,1936,5489,15831,5651,4719,7547,1961,5045,4757,44061,8994,44115,5880,46073,10620,11875,11872,11115,13192,16668,34079,37465,14977,23371,22884,31894,72386,71510,28555,17991,8431,7134,1966,1528,2423,2383,5748,2434,2434,4923,4734,4734,5126,6924,9421,8190,10582,11372,13073,13153,17389,35887,19063,18916,23371,22799,24397,31894,28463,38894,23681,25097,5193,12777,34762,10939,7198,71280,28791,44118,47611,17307,18303,6341,19996,10286,5510,15631
方舱医院(武汉体育中心),87319,36455,31071,24366,22904,22407,15073,0,32216,37956,53423,22784,13083,12585,16594,30423,7257,38400,32528,10821,25924,23635,23107,15050,29909,32241,1865,13485,30498,6122,14471,12149,25695,18713,19153,19293,15911,15418,19728,51934,21007,51988,20850,53946,25591,27454,23100,24028,27574,30562,29226,32612,27451,37265,29643,33200,88820,87943,25451,20176,8313,19050,13697,16501,15512,17357,20312,17405,17405,19894,19704,19704,20097,22142,19143,18756,24746,24257,28943,26781,31283,31034,32957,25675,37265,29558,46732,33200,36080,52788,13225,20244,20163,12692,44625,21934,8999,87713,25686,51991,42641,23935,32197,19402,22180,23832,12082,1387
方舱医院(武钢体育馆),67379,6221,14827,11335,14298,20396,19228,32335,0,31357,46058,15419,43841,29018,18524,28670,40651,25335,35071,25264,42846,40557,31924,34494,59390,61721,34204,23948,26743,31693,19569,24985,21077,15572,16013,13052,19194,20544,15178,44569,11860,44623,14136,39001,9318,7046,14157,11911,13828,2441,31769,35155,14671,8635,18690,27906,68879,68003,42373,28993,26812,15764,23757,18520,19656,17388,13183,16645,16645,13120,14159,14159,13854,12390,16266,15304,13149,13237,10159,12738,3049,33577,4181,17940,8635,19444,11648,27906,24502,31946,39500,28202,13455,29125,41934,14569,26006,67773,42609,44626,35512,16072,3420,16262,30998,11985,23021,32145
方舱医院(中国光谷日海),83622,31138,42603,27193,24428,44265,37117,39216,30995,0,71277,40638,65495,33308,35568,53889,41964,20658,11768,37084,70220,67931,55139,47082,58979,61310,38022,42209,51962,35346,37339,33052,46296,40791,41232,38271,34314,31921,35127,69788,37079,69842,37780,64510,32411,32631,24916,26928,23781,33537,13467,15552,21160,36882,16915,7278,85122,84246,69748,52208,40490,40983,35741,35474,33882,36330,38669,36414,36414,35293,34619,34619,34847,37609,27884,28704,29442,28952,27933,24205,34258,14288,34535,19442,36882,17394,28990,7278,18829,48381,66715,20802,34448,32741,67153,39788,35553,84015,69983,69845,15909,23100,35092,41481,54213,28528,40806,39026
方舱医院(黄陂一中体育馆),69344,53496,36799,48890,52976,40022,44680,55024,48199,73285,0,33928,71670,54855,44163,31699,63340,80906,73748,47953,61914,59625,43954,66676,94309,96640,56893,45619,32780,51935,44358,47674,34043,40101,40541,35768,44833,47915,40816,4782,36990,6663,39774,8621,44621,43427,51712,49466,52506,46545,70447,73833,53349,50767,60618,72509,70844,69967,61441,50440,49502,38029,46447,44158,46855,43168,38716,42283,42283,39326,42758,42758,42417,38114,50767,51060,48051,48328,48837,51416,47266,72254,50368,56618,50767,61372,58923,72509,69105,55719,67320,67282,41568,54962,25358,35494,48695,69737,61677,5930,107025,54750,48180,40790,42456,46887,45711,54834
方舱医院(塔子湖全民健身中心),65899,19452,14069,15904,19990,8520,11694,22039,15213,40300,32002,0,33545,21869,11177,10245,30354,37918,40763,14967,32550,30261,19151,24197,49093,51425,23908,13651,9771,18949,11373,14688,4315,5276,5716,2352,11847,14929,7830,30513,4004,30567,6788,32525,11635,10441,18726,16480,19520,13560,37461,40847,20363,22596,27633,35543,67399,66522,32077,16220,16516,2669,13461,11172,13869,10040,4359,9297,9297,6340,9772,9772,9431,5129,17781,18074,15065,15342,15851,18430,14281,39269,15954,23632,22596,28386,24879,35543,32473,35786,29203,34296,8583,21976,27878,2506,15710,66292,32312,30571,41204,21764,15194,5965,18225,13901,12725,21849
方舱医院(蔡甸区知音谷),99537,47692,42308,35603,35106,29144,26964,12664,43453,49193,69635,34021,0,23822,28485,42609,17759,49637,52256,22058,14057,13309,23422,9266,34100,36432,13096,22088,42684,17924,25708,23385,37621,29950,30390,30530,27802,26655,31619,68146,32244,68200,32741,70157,37481,38691,34337,35265,38811,41799,43713,47850,38688,56234,41845,44437,101037,100161,13585,23314,19550,30287,25588,28392,27402,29248,31548,29295,29295,31784,31595,31595,31988,33379,31345,30646,35983,35493,39934,38018,42520,48533,44194,37876,56234,41760,57969,44437,47316,64025,5129,31481,32054,23928,55454,33171,20890,99931,13820,68203,46816,35172,43434,30639,24481,35069,23319,11745
方舱医院(武汉国际博览中心),86914,28756,28428,14255,14170,18501,11354,11677,29509,33324,54717,20288,23184,0,12875,29726,14425,30505,27895,11321,30417,28128,27600,19543,34930,37262,10483,15789,29801,4695,11576,7182,24998,16347,16369,18058,9551,6685,16009,53228,19917,53282,17131,55240,17604,23126,12988,13917,15192,27919,24594,27980,17744,38107,20909,28568,88414,87537,29944,24669,8590,17831,9978,12782,9120,13638,16999,13685,13685,16174,15985,15985,16378,18175,10409,11420,14634,14145,18832,17441,28641,26401,30314,16941,38107,20824,34182,28568,26488,50145,23325,15612,16444,106,43928,20844,11303,87307,30180,53285,27049,14595,29554,17037,26674,13721,14386,11487
方舱医院(武汉国际会展中心),69766,17850,16057,10630,13022,10839,1961,17326,17202,36978,41308,10669,28832,11477,0,19044,20894,32807,36505,8199,30533,28244,22427,20179,41399,43731,16952,8622,19119,11255,3441,6994,13482,4640,3692,6350,1936,5373,3637,39819,7874,39873,4760,41830,9500,10755,12199,11892,13519,15548,33204,36590,15304,22251,23212,32221,71266,70390,30060,19496,9936,6123,2903,2375,2671,1242,4628,1314,1314,3803,3614,3614,4006,5804,9749,8518,10331,10607,11953,13480,16269,35011,17943,19243,22251,23126,23277,32221,28790,37774,25186,22931,4073,11584,33175,9819,8703,70160,30296,39876,46418,17634,17183,5329,21501,9166,6447,17136
方舱医院(湖北省委党校新校区),76306,32004,22303,26877,33553,15323,20941,31567,29903,54989,30873,10325,53790,31116,20325,0,39882,48445,55827,25140,44034,41746,26074,33706,76429,78761,33893,21161,4279,28196,20619,23935,7565,16437,16877,11764,22822,25904,18729,29385,18694,29439,21488,31396,26335,25141,32731,28139,34221,28249,52525,55911,35064,29275,42322,51017,77806,76930,43562,23264,26044,14365,22708,21327,23116,19504,18015,20239,20239,18227,21284,21284,20943,19829,30280,29049,26577,26854,30551,33130,28970,54333,28876,39005,29275,43076,37431,51017,47613,39996,49440,43543,21590,31223,23050,12349,25238,76700,43797,29442,66057,37396,29884,17126,24576,25413,22253,31377
方舱医院(武汉经济开发区沌口),95720,41280,39472,27551,26089,30808,18471,7230,40617,40605,61824,31184,17711,15770,19992,38824,0,41048,35176,19221,27911,25622,31359,18604,27291,29622,6001,21886,38899,11212,18692,15082,34095,27113,27554,27694,19309,18603,23125,60335,29408,60389,24248,62346,28988,30243,26284,27213,30759,38963,34062,40820,30636,45666,32828,35849,97220,96344,27439,28576,16714,27451,17095,19898,18909,20754,24116,20802,20802,23291,23102,23102,23494,25292,22328,22153,27931,27441,31441,29966,39684,41503,41358,28859,45666,32743,49381,35849,38728,61189,18459,22893,23561,13840,53026,30334,17400,96114,27674,60392,39786,27120,40598,27803,30581,27017,20483,9306
方舱医院(中国光谷科技会展中心),61934,20156,31620,22723,19958,39795,32647,39751,24559,21637,78280,37705,51258,31576,31098,47315,42499,0,27871,32614,52913,50624,55674,42559,74778,77110,38557,37739,47180,34250,32869,28582,41380,37858,38299,35338,29844,27451,30657,68509,34146,68495,33259,67447,27941,29698,20446,22458,19311,25119,28530,30616,16690,25900,11261,12864,63434,62558,52440,52743,32316,38050,31271,31004,29413,31860,34144,31944,31944,30823,30149,30149,30377,34676,23414,24234,24972,24482,23463,19735,27460,29351,23552,14972,25900,12158,18008,12864,6022,26693,47566,27594,29978,33276,62372,36855,31083,62328,52676,67627,44920,18630,24109,38548,54748,24058,36336,39561
方舱医院(大花山户外运动中心),94546,37387,48852,27252,23954,44765,37617,33064,36332,11922,72323,41684,47575,27155,35897,55989,39592,26907,0,37584,52300,50011,48986,40930,41059,43390,31869,39509,56064,29193,37839,34228,47342,42611,42632,39250,34643,33589,35186,70835,38889,70889,37839,70758,31941,34680,25245,27257,25057,37633,3958,4518,24934,43131,20033,15593,96047,95170,51828,46055,34854,44094,36242,35804,34212,36659,38728,39949,39949,35352,34678,34678,34906,37299,28213,29033,29771,29281,27992,24264,38354,3266,40784,20257,43131,19772,35239,15593,24587,59305,48795,13912,34507,26588,68200,40834,35022,94940,52063,70892,4875,21418,41341,43300,48060,28857,38105,32873
方舱医院(武汉市体育运动学校体育馆),78815,27950,22567,13425,14667,10694,6465,10241,23711,38634,44918,14279,21748,12380,7986,21918,18557,34463,36733,0,20988,18699,18989,12002,39799,42130,12110,4980,21993,9740,5966,5056,17190,10208,10648,10789,7303,6953,11120,43429,12502,43483,12242,45441,16983,18949,16946,13087,15164,22058,33432,36818,16949,28760,24868,33877,80315,79438,20515,16058,4719,10545,5089,7893,6903,8749,11807,8796,8796,11285,11096,11096,11489,13637,11393,10162,12554,13344,17841,15125,22779,35239,24453,20899,28760,24782,33377,33877,30446,44284,17008,24450,11555,12487,36121,13429,3912,79208,20751,43486,47321,19290,23692,10897,18063,12920,3577,10051
武汉市蔡甸区中医医院,105662,48193,42809,37615,37530,28487,29388,25504,43954,72218,60229,34842,15140,32124,30910,42351,29327,53864,57280,22836,0,3247,20649,9514,39125,41456,29325,21935,43547,25845,26972,25813,36964,34792,35232,31031,30226,30340,34043,58740,32745,58794,35166,60752,39906,39192,36348,37276,38552,42300,52142,52874,41104,55577,44269,52515,107162,106286,1266,26256,24120,32719,28013,30816,29827,31672,36370,31720,31720,34209,34020,34020,34412,33880,33769,33071,37994,37505,42359,40739,43021,53557,44695,40301,55577,44184,53620,52515,49848,64526,10158,39559,34478,32230,46048,33672,23314,106055,1064,58797,51841,38692,43935,35481,21708,37081,23769,25314
武汉市蔡甸区人民医院,103344,45875,40491,35297,35212,26169,27071,23186,41636,69900,57911,32525,12888,29806,28592,40033,27009,51547,54963,20518,3145,0,21386,8367,36807,39138,27007,19618,41229,23528,24654,23495,34646,32474,32914,28713,27909,28022,31725,56422,30427,56476,32848,58434,37588,36874,34030,34959,36234,39982,49825,50557,38786,53259,41952,50198,104844,103968,2456,23938,21803,30402,25695,28499,27509,29354,34052,29402,29402,31891,31702,31702,32094,31562,31451,30753,35676,35187,40041,38421,40704,51239,42377,37983,53259,41866,51302,50198,47530,62208,9012,37242,32161,29913,43730,31354,20996,103738,3076,56479,49523,36374,41617,33163,22445,34763,21451,22996
武汉市东西湖区人民医院,87444,37181,33289,29916,35809,13172,20673,22667,32942,54436,42011,19527,23378,29287,22194,24133,30983,54879,49007,20851,19988,21163,0,20399,50859,53191,24536,13694,25329,23009,20351,23667,21648,19476,19917,19988,22554,25636,21768,40522,21733,40576,24528,42534,29374,28180,34627,31705,33783,31289,45705,49091,39383,40262,42549,49679,88944,88068,19515,4347,22400,17404,22439,21059,22848,21096,21055,23004,23004,21266,25304,25304,25697,22868,32049,28781,29617,29893,33590,36170,32010,47513,33683,38580,40262,42463,42608,49679,48127,53514,19028,36723,25763,29394,27830,22660,21594,87837,19750,40579,48161,36971,32923,20166,2101,28452,15932,22477
华中科技大学同济医学院附属同济医院（中法新城院区）,90335,40427,33729,25988,25903,19942,17762,13633,34874,45401,64756,26297,10064,20253,19283,33406,17844,45844,39972,13562,9179,8120,17725,0,37701,40033,15501,12886,33482,13974,17983,14186,28419,21371,21811,21951,18600,18714,22416,63267,23665,63321,23539,65279,28279,29534,24721,25650,26925,33220,36671,50514,29477,47032,32643,40644,91835,90958,8706,17710,12494,24174,16386,19190,18200,20045,23407,20093,20093,22582,22393,22393,22785,24583,22142,21444,26368,25878,30732,29112,33941,43567,35615,28674,47032,32557,45853,40644,38221,55446,5714,27688,22852,20359,50575,24592,11687,90728,8942,63324,49480,27065,34855,22060,18783,25454,14740,13442
武汉市汉南区人民医院,130197,61938,56203,54070,46747,53117,39129,30166,57348,60400,94321,52578,36457,36428,40650,76443,27287,67009,45462,39096,41183,38894,51526,38772,0,2783,28937,46566,57576,31870,39350,35740,52772,44122,44144,45832,39967,39261,43783,92833,50801,92887,44906,94844,49646,50901,52803,53732,51417,55694,40325,41056,51294,71385,53486,57894,131697,130821,40710,50886,38107,48844,37753,40557,39567,41412,44774,41460,41460,43949,43760,43760,44152,45950,42986,42811,54449,53960,52099,50624,56415,41739,58089,49518,71385,53401,75857,57894,65205,94956,37677,43551,44219,34498,80141,51728,38793,130591,40945,92890,40023,47778,57329,44811,52585,53536,41876,30699
武汉市汉南区中医医院,131719,63461,57725,55592,48269,54640,40651,31689,58870,61923,90622,54100,32758,37950,42172,72744,28809,68531,46985,40618,37483,35194,53049,40294,2403,0,30459,48088,59098,33392,40873,37262,54295,45644,45666,47355,41489,40784,45306,89133,52323,89187,46428,91145,51168,52423,54326,55254,52939,57216,41847,42579,52817,72908,55009,59416,133220,132343,37010,52408,39630,50366,39275,42079,41089,42935,46296,42982,42982,45471,45282,45282,45675,47472,44508,44333,55972,55482,53621,52146,57938,43262,59611,51040,72908,54923,77380,59416,66727,96478,33978,45073,45741,36020,76441,53250,40315,132113,37246,89190,41545,49300,58851,46334,54107,55058,43398,32221
华中科技大学同济医学院附属协和医院（西院）,88634,37770,32386,25681,24219,23722,16388,1486,33531,37506,54738,24099,13211,13900,17909,31738,6214,37949,32077,12136,29556,27268,24422,16365,28867,31198,0,14800,31813,6656,15786,13464,27010,20028,20468,20608,17226,16734,21043,53249,22322,53303,22166,55261,26906,28769,24415,25343,28889,31877,28776,42395,28767,38580,30958,32749,90135,89258,29084,21491,9628,20365,15012,17816,16827,18672,21627,18720,18720,21209,21019,21019,21412,23457,20458,20071,26061,25572,30258,28096,32599,30583,34272,26990,38580,30873,46281,32749,35629,54103,13352,19793,21478,14007,45940,23249,10314,89028,29319,53306,41362,25250,33512,20717,23496,25147,13397,2469
武汉市第四医院(西院区),77588,27133,21750,17737,21222,7195,6090,13335,22894,41727,43915,13462,23012,15474,7611,20660,21651,37556,39827,6264,21224,18935,13099,13656,42893,45224,15204,0,20735,12833,6192,8455,15672,9391,9831,9972,7970,11053,10744,42426,11685,42480,11867,44438,16607,18132,20040,17122,19199,21241,36526,39912,24796,34285,27961,36971,79088,78212,20751,10168,7812,9728,5988,7517,7588,8373,10990,8421,8421,10910,10721,10721,11113,12820,17461,14198,16589,17379,19060,24431,21962,38333,23635,23993,34285,27876,32560,36971,33540,43467,18662,27544,11180,15581,34862,12612,7006,77981,20986,42483,50414,22384,22875,10080,12172,16273,1966,13145
黄陂区人民医院盘龙院区,76467,31933,15135,27327,31413,15483,21102,31727,26636,51722,31034,9882,53951,31277,20486,4271,40043,48374,55987,25300,44195,41906,26235,33866,76590,78921,34053,21321,0,28356,20780,24095,7122,16597,17038,11320,22982,26065,18889,29545,15427,29599,18211,31557,23057,21864,30149,27903,30943,24982,52686,56072,31786,29204,39055,50946,77967,77090,43722,23425,26205,14525,22868,21487,23276,19664,18176,20399,20399,18387,21195,21195,20854,16551,30441,29210,26488,26764,27274,29853,25703,54493,28805,35055,29204,39809,37360,50946,47542,37505,49601,43703,20005,31384,16207,11905,25399,76860,43958,29602,66217,33187,26617,17287,24736,25324,22414,31537
武汉市中医医院（汉阳院区）,85026,32272,26541,18543,17080,16614,9467,6410,27686,34384,52830,18400,19994,6761,10988,27838,10963,34827,28955,9434,27227,24938,24410,16353,31468,33800,7021,11947,27914,0,9688,6078,23110,14460,14482,16170,10305,9595,14121,51341,18030,51395,15244,53352,19984,21239,17276,18204,21750,26032,25654,29039,21628,41623,23820,29627,86526,85650,26754,21479,4737,15943,8091,10895,9905,11750,15112,11798,11798,14287,14098,14098,14490,16288,13320,13149,18922,18433,23120,20957,26753,27461,28427,19851,41623,23734,37699,29627,29398,48258,20135,16671,14557,6868,42041,18956,5214,85420,26990,51398,28109,18111,27667,15149,23484,18009,10544,8297
武汉市肺科医院,76423,20689,19490,13469,14434,8010,1821,14453,20635,38186,44226,9797,25959,12563,3343,19235,19281,34015,37273,6587,25573,23284,19598,16611,39787,42118,15339,6103,19310,9642,0,5382,14507,5856,4207,7567,3702,6785,6476,42737,9426,42791,7599,44749,12339,13594,13611,12854,14931,18981,33972,37358,16716,33120,24420,33430,77923,77046,25100,16667,8930,7340,3175,2475,4163,4230,4865,4153,4153,5055,6453,6453,6845,8643,11160,9930,12321,13111,14792,14892,19702,35779,21376,20451,33120,24335,26116,33430,29998,41207,21618,24990,6911,12670,33437,10353,8124,76816,25335,42794,47503,18843,20616,6546,18672,12005,4942,14263
武汉市汉阳医院,80231,26830,21745,10353,12307,11818,4671,11875,22890,32812,48034,13605,23381,7500,6506,23043,15196,28641,33188,4636,26854,24565,23406,16500,35701,38033,11254,8836,23118,5557,4893,0,18315,9665,9686,11375,5252,3076,9326,46545,13234,46599,10448,48557,15188,16443,11125,10015,12092,21237,29887,33272,15880,36928,19046,28056,81731,80854,26381,20475,4281,11148,3295,6413,4821,7268,10316,7002,7002,9491,9302,9302,9695,11492,8546,7091,9482,10272,14769,12053,21958,31694,23631,15077,36928,18961,32257,28056,24624,43462,21506,20904,9761,7607,37245,14161,3048,80624,26617,46602,42441,13468,22871,10354,22480,9848,7308,11685
武汉市金银潭医院,67453,26879,17177,22427,26513,9917,15535,26161,21736,46822,33780,5200,37415,25710,13884,7571,34477,43320,47285,19734,35894,33605,20548,28059,52934,55266,28487,15514,7098,22790,15213,18529,0,9995,10436,6638,17416,20498,12287,32291,10527,32345,13311,34302,18158,16964,25249,23003,26043,20082,43984,47370,26886,24150,34155,45891,68953,68076,35421,17617,20638,7923,17302,15921,17710,13062,8645,13797,13797,11785,14843,14843,14501,11652,24874,23643,20136,20412,22374,24953,20804,45791,23751,30155,24150,34909,32306,45891,42488,36434,33065,38137,15105,25817,29656,7224,19832,67846,35657,32348,60651,28287,21717,10685,19622,18972,16847,25971
武汉市红十字会医院,70160,19295,13912,11468,15104,6519,8113,18458,15056,40143,36263,4087,29964,18288,5058,15546,26773,37761,42999,11386,28969,26680,18047,20616,45512,47844,20327,10070,15621,15368,7792,11107,9984,0,1610,2130,6468,9550,3138,34774,3847,34828,4667,36786,9424,10294,14977,12731,19374,13403,39697,43083,20217,20105,27476,35386,71660,70783,28496,15116,12935,1903,9880,5775,10288,4237,2302,4971,4971,2818,5876,5876,5535,4982,13926,12696,11169,11445,12791,18284,14124,41505,15798,26177,20105,28229,24722,35386,32316,35629,25622,30715,5591,18395,29678,4122,12129,70553,28731,34831,53229,21618,15037,1859,17121,10005,9144,18268
湖北省中西医结合医院,72117,20154,14770,10804,14439,7377,5348,19316,15915,41001,37122,4389,30822,17059,3822,15763,23778,38619,41770,11083,29827,27538,18905,23063,44283,46614,19836,10929,15838,14139,4534,9878,10201,950,0,2433,5307,8390,2656,35633,4706,35687,4593,37644,9350,11153,14312,12066,14936,14261,38468,41854,16721,28814,28334,36245,73617,72741,29354,15974,13793,2762,8650,4614,5769,3001,2228,3735,3735,2154,5355,5355,4870,5841,12766,11535,10505,10781,12127,14046,14982,40276,16656,24948,28814,20948,25581,36245,33174,36487,28069,29486,5517,17166,29895,4424,12987,72511,29590,35690,51999,17380,15896,1053,17979,9340,10002,19126
民生耳鼻喉专科医院,69893,16890,12551,11488,15123,8020,7978,19959,13696,38782,35996,2914,31465,19790,6059,12364,28274,35355,39127,12888,30470,28181,19548,22117,47014,49345,21828,11572,11890,16869,8319,12608,6434,2683,2564,0,7944,11027,3157,34508,2384,34562,3922,36519,9443,8805,14996,12750,17885,12042,35825,39211,18727,26590,26115,34026,71393,70517,29997,16617,14436,3405,11381,7270,8406,5237,2006,5395,5395,2838,5895,5895,5554,3493,13904,14172,11188,11465,14215,16794,12764,37633,14437,21996,26590,22965,22317,34026,30956,34268,27124,32216,5610,19897,31872,2638,13630,70286,30233,34565,39568,20128,13677,2813,18622,10024,10645,19769
武汉市第一医院,71259,19343,17550,10347,11589,10300,2561,16787,18695,35544,42801,12162,28293,10044,1733,21525,20355,31373,35072,7660,29994,27705,21888,19640,40860,43191,16412,8082,21600,10716,2902,6455,14823,5981,5048,7691,0,3939,5130,41312,9367,41366,6253,43323,10993,12248,10766,10008,12086,17041,31771,35156,13871,23744,21778,30788,72759,71883,29521,18957,9397,7464,2584,1867,1319,2723,6121,2807,2807,5296,5107,5107,5499,7297,8315,7084,9476,10266,13446,12047,17762,33578,19436,17810,23744,21693,24770,30788,27357,39267,24646,21497,5566,10151,34517,11312,8164,71653,29757,41369,44984,16201,18676,6670,20962,9842,6812,16597
武汉市第五医院,74427,20905,20718,9006,10248,13700,4719,14969,21863,32876,45969,15330,26475,7376,5129,24924,18934,28705,32404,6515,28688,26399,27523,18334,39439,41770,14992,13514,24999,8759,6070,4357,17991,9149,8216,10859,3875,0,8299,44480,12535,44534,9421,46492,14161,15416,9425,8668,10745,20209,29103,32488,12530,26912,19110,28120,75927,75051,28215,24592,8091,10632,5177,5035,3444,5891,9289,5975,5975,8464,8275,8275,8668,10465,6974,5743,8135,8925,13422,10706,20930,30910,22604,15142,26912,19025,26332,28120,24689,42435,23341,18829,8734,7483,39127,14480,6858,74821,28451,44537,42316,13533,21844,9839,26597,8501,12111,14779
武汉市第六医院,68304,16389,14595,9176,12811,8964,5666,19892,15740,37329,37628,5604,31398,16741,4963,17350,23460,34854,34750,10765,33099,30810,20492,22745,43965,46297,19518,11188,17425,13821,6007,9560,11788,2537,2418,3256,5633,8715,0,36140,4218,36194,3298,38151,7716,9293,12684,10438,13308,14086,31449,34835,15093,20789,20541,32573,69804,68928,32626,17561,12502,4349,7433,4958,6094,3826,1457,3083,3083,632,3583,3583,3242,4342,11592,11860,8877,9153,10499,12418,14807,33256,16481,17619,20789,19320,21815,32573,27166,36312,27752,29168,3517,16848,31482,5133,11269,68698,32862,36197,35192,15752,15721,2278,19566,7712,9917,19702
武汉市黄陂区人民医院,65956,50109,33412,45503,49589,36635,41293,51637,44812,69898,2818,30541,68282,51468,40775,28312,59953,77519,70361,44566,58527,56238,40566,63289,90922,93253,53506,42232,29393,48547,40971,44287,30656,36714,37154,32381,41445,44528,37429,0,33603,2716,36387,4354,41233,40039,48324,46078,49119,43158,67060,70446,49962,47380,57231,69121,67456,66580,58054,47053,46114,34641,43059,40771,43468,39781,35328,38896,38896,35938,39371,39371,39029,34727,47379,47673,44664,44940,45449,48029,43879,68867,46981,53230,47380,57985,55536,69121,65718,52332,63933,63895,38181,51575,21970,32107,45308,66350,58290,1362,103637,51363,44793,37403,39068,43500,42323,51447
武汉市汉口医院,64494,16169,10785,13529,17615,10418,9423,22357,11930,37016,35818,4143,33863,20498,8719,18691,30672,34634,38388,15285,32868,30579,21946,24515,47722,50053,24226,13969,16503,17577,9764,13317,10837,4540,4348,1991,9389,12472,4307,34329,0,34383,4331,36341,9260,9631,16351,14105,17146,10276,35086,38472,17989,16979,24349,32260,65994,65118,32395,19015,16834,4732,11190,8715,9851,7583,3377,6840,6840,3987,7315,7315,6973,2754,15324,15617,12608,12884,13476,16055,10997,36894,12671,21257,16979,25103,21596,32260,29189,32502,29521,31520,6125,20605,31694,3232,16028,64888,32630,34386,38829,19389,11911,4511,21020,11444,13043,22167
武汉市黄陂区中医医院,57180,49854,33157,45248,49334,36380,41038,51382,44557,69643,4674,30286,68027,51213,40520,28057,59697,68743,70106,44311,58272,55983,40311,63033,90667,92998,53251,41977,29138,48292,40716,44032,30401,36458,36899,32125,41190,44273,37173,2343,33348,0,36131,2647,40978,39784,48069,45823,48864,42903,66805,70190,49707,47124,56976,68866,58680,57804,57799,46798,45859,34386,42804,40516,43213,39525,35073,38640,38640,35683,39116,39116,38774,34472,47124,47418,44409,44685,45194,47774,43624,68612,46726,52975,47124,57730,55281,68866,65463,43555,63678,63639,37926,51320,21715,31852,45053,57574,58035,1763,103382,51108,44538,37148,38813,43245,42068,51192
武汉市第八医院,66079,14525,12370,10067,13702,12221,6582,20808,13515,35465,37621,6982,32314,17657,5879,20494,24376,32990,36762,11681,34015,31726,23749,23661,44881,47212,20434,12104,18305,14737,6923,10476,12640,4472,4659,4548,6549,9631,2532,36132,4187,36186,0,38143,7295,6440,13575,11329,15520,11861,33461,36846,16363,18564,22798,30709,67579,66703,33542,20818,13418,6397,8349,5874,7010,4742,2841,3999,3999,3150,4041,4041,2831,2117,12483,12776,9767,10044,11850,14430,12582,35268,14256,19631,18564,20600,19952,30709,27639,34087,28667,30084,2433,17764,33497,6132,12185,66473,33778,36189,37204,17764,13496,4212,22823,8603,10833,20618
黄陂区鲁台社区卫生服务中心,56149,35487,25525,47594,51680,38727,43384,53729,35950,62474,6618,32633,70374,53560,42867,30404,62044,67712,68708,46657,60618,58329,42658,65380,93013,95345,55598,44324,31485,50639,43063,46378,32748,38805,39246,34472,43537,46619,39520,4349,35694,2651,38478,0,43325,42131,50416,48170,51210,45250,69151,72537,52053,32757,49416,54499,57650,56773,60146,49144,48206,36733,45151,42863,45559,41872,37420,40987,40987,38030,41462,41462,41121,36819,49471,49764,46755,47032,47541,50120,34020,70959,32359,55322,32757,49720,40914,54499,51096,42525,66024,65986,40273,53666,24062,34199,47400,56543,60381,3372,105729,53454,33544,39494,41160,45591,44415,53539
武汉紫荆医院,73381,12414,15773,5376,9012,16597,10276,24502,9411,33355,41997,11358,36008,18363,9572,24870,28069,30880,30951,15374,37708,35419,28125,27355,48574,50906,24127,15797,22681,18430,10617,14169,17016,8764,8645,8923,10242,12193,6693,40508,8563,40562,8010,42519,0,3896,7907,6639,9509,7812,27649,31035,11294,14515,20688,28598,74881,74004,37236,25193,17111,11964,12042,9568,10704,8435,8412,7693,7693,6859,6185,6185,6412,6972,7890,6953,5174,5451,6699,8618,8533,29457,10207,13820,14515,15521,17841,28598,25528,37490,32361,22349,6014,18470,37873,10508,15878,73774,37471,40565,44536,11952,9447,8504,27198,4010,14526,24312
武汉市武昌医院,67524,11501,13815,8880,12966,15009,11912,26948,7850,32828,40409,9770,38454,22987,11208,23282,29705,29967,33738,17011,37459,35170,26537,28991,50211,52542,25763,18560,21094,20066,12253,15806,15428,10185,10625,7336,11878,14961,7862,38920,6975,38974,5925,40932,4577,0,11701,9455,12496,5855,30437,33823,13339,12557,20161,28072,69025,68148,36986,23606,21425,10376,13679,11204,12340,10072,8442,9329,9329,8479,9804,9804,8196,5384,11123,10187,8408,8684,8827,11406,6576,32244,8249,16607,12557,17576,16928,28072,25002,35532,33997,26870,8614,23094,36285,8920,17515,67918,37222,38977,34180,14740,7489,9093,25611,7244,16163,26758
武汉科技大学附属天佑医院,75879,14913,26976,4521,3581,21932,14785,21643,14440,24395,50041,19402,33149,14049,12224,33157,25517,20224,24053,14752,35051,32762,33886,24697,46022,48353,21575,19877,33232,15433,15007,10720,28429,19779,15312,16968,10970,9589,11840,48553,16607,48607,12926,50564,8357,12398,0,3635,4078,20468,20751,24137,5863,24264,10628,19638,77379,76503,34578,30955,14454,21262,13409,12131,10539,12987,12830,13071,13071,12006,11332,11332,11560,13971,3844,4650,5388,4898,7429,4039,21189,22559,18618,6660,24264,10543,20339,19638,16207,40638,29703,18353,11161,14156,47359,18552,13221,76273,34814,48610,24494,5051,22102,13652,32960,4474,18474,21453
武汉市第七医院,73367,12401,21058,2016,3147,19646,10660,23693,11928,26425,47529,16890,35200,14930,11070,30403,27130,22254,25821,12461,35932,33643,31233,25578,47635,49966,23188,20757,28214,17483,12011,11601,22548,12275,12156,14456,9816,8734,10204,46041,14095,46095,11291,48052,6960,9886,3020,0,3644,13802,22520,25905,5429,21752,10877,21668,74867,73991,35459,28302,15334,14087,11122,10976,9384,11832,11195,11916,11916,10370,9696,9696,9924,12335,4457,3495,3301,2134,4917,3605,14524,24327,16106,8690,21752,9656,17828,21668,18237,38126,30584,18916,9525,15037,43406,16040,14101,73761,35694,46098,26263,6823,15437,12016,30307,3365,19354,23503
解放军中部战区总医院,74950,13984,22547,3824,1975,20833,11847,26609,14738,24380,49345,18706,38115,16117,12257,32057,30045,20209,23776,13648,37119,34830,32420,26765,50550,52882,26103,21945,30030,20399,13198,12788,24364,14090,15345,16272,11003,9922,12020,47856,15911,47910,13106,49868,8775,11702,3491,2938,0,16039,20475,23861,3382,23335,8830,19624,76450,75574,36646,29489,16522,15903,12310,12164,10572,13019,13010,13103,13103,12185,11512,11512,11739,14150,5644,4682,5466,4977,6732,1561,16760,22282,17689,6646,23335,7609,19411,19624,16193,39709,31771,16908,11341,16224,45221,17856,15289,75344,36882,47913,24218,4778,17674,13831,31494,4553,20542,26419
武汉市第九医院,64950,11910,12772,12954,15698,18341,17173,30280,3039,32757,44003,13364,41786,30111,16469,26615,38596,26054,36471,23209,40791,38502,29869,32438,57335,59666,32149,21893,24688,27190,17514,22930,19022,13517,13958,10997,17139,20222,13122,42514,9805,42568,12081,44526,9060,5113,15776,13530,15229,0,33169,36555,16072,7330,20090,28625,66450,65574,40318,26938,24757,13709,21702,16465,17600,15332,14216,14590,14590,13740,15065,15065,14723,10335,17885,16923,12891,13167,11559,14138,1349,34977,3022,19340,7330,20844,13325,28625,24931,34489,37445,29603,13875,30218,39879,12514,23951,65344,40554,42571,36912,17472,2262,14207,28943,11727,20966,30090
武汉市江夏区第一人民医院,103937,32275,40838,23948,20650,44581,32022,29358,33029,14275,69020,38381,46337,23450,33544,50394,34809,27841,5902,31990,51063,48774,45281,37224,39821,42152,28164,35803,50469,25488,32244,28634,44039,37016,37037,35947,31340,27882,31883,67531,35586,67585,34536,69543,28638,31377,21942,23954,21753,34330,0,3981,21631,44066,20967,17945,105438,104561,50590,42350,30632,41368,30647,33450,30908,34306,35425,34354,34354,32048,31375,31375,31602,33995,24910,26855,27593,27103,24689,20961,35051,2365,35980,20825,44066,20706,36174,17945,25521,68696,47557,10311,31204,22883,64896,37531,31317,104331,50825,67588,3948,18115,35965,37705,44355,26679,34400,29168
武汉市江夏区中医医院,101132,35397,43961,27071,23773,47386,34828,37982,36151,15416,101396,41504,43531,26255,36349,53199,35548,29442,5137,34795,48257,45968,58559,45804,37015,39347,37198,38609,53275,28294,35049,31439,47162,39821,39843,39070,34462,30687,35005,99907,38709,99961,37659,101919,31761,34500,25065,27076,24876,37453,4328,0,24754,45667,22568,28828,102632,101755,47784,45155,33437,44174,33452,36256,34031,37111,38548,37159,37159,35171,34497,34497,34725,37118,28033,28852,29590,29101,27812,24083,38174,2287,43319,23948,45667,22307,37774,28828,27122,65891,44752,13116,34326,25688,87215,40654,34123,101525,48020,99964,552,21237,39087,40511,47160,28677,37205,37731
湖北六七二中西医结合骨科医院,75125,14159,22722,5457,3290,26562,14145,26932,14912,24704,50904,20265,38438,18048,14555,33777,30368,20533,24100,15946,39681,37392,38516,29327,50874,53205,26426,24507,31589,20722,15496,15350,25923,16388,17642,17831,13301,14219,14317,49415,17470,49469,16420,51427,11073,13261,5788,5236,2820,16214,20798,24184,0,23510,9013,19947,76625,75749,39208,35585,19084,20871,18039,14461,12869,15317,15308,15401,15401,14483,13809,13809,14037,15879,7942,6980,7764,7274,6573,1828,16935,22606,17864,6969,23510,7793,19585,19947,16516,39884,34334,17232,13638,18154,46780,19415,17851,75518,39444,49472,24541,5101,17848,16129,37590,6850,23104,26742
青山区石化医院,63697,10363,13412,20458,23421,29150,23575,36682,8659,37351,48287,23158,48188,38142,22871,29107,44997,26804,43584,29611,55127,52838,39782,47292,63737,66068,38551,28295,28972,33592,23915,29331,23171,19919,20360,17399,23541,29667,19524,46798,16207,46852,18482,35319,15462,11515,23280,21034,22952,7264,40892,46329,23795,0,24292,29376,65197,64321,54655,36851,31159,20111,28104,22867,24002,21734,20618,20991,20991,20142,21466,21466,25896,16737,25389,24427,23527,22360,19282,21862,6790,45065,5129,27063,0,24596,12425,29376,25972,34099,52298,43307,25497,38248,44163,18916,30353,64091,54890,46855,46686,25196,6314,20608,38856,23371,27368,36492
武汉市第三医院（光谷院区）,69050,18991,27623,12608,9365,29680,22532,30345,18573,14852,58855,28216,41852,21461,20983,41466,34109,10588,18282,22499,42798,40509,41633,32444,54614,56946,30167,27624,39539,24135,22754,18467,33874,27526,24070,25849,19729,17336,20542,57366,24657,57420,23195,52206,17826,20209,10331,11312,8896,21115,18941,21027,6192,24579,0,10095,70550,69674,42325,38702,22201,28561,21157,20889,19298,21745,24084,21829,21829,20708,20034,20034,20262,22655,13299,14119,14857,14367,13348,7904,21836,19762,22232,3933,24579,1454,16687,10095,6571,33809,37451,19204,19863,21568,54731,27366,20968,69444,42561,57423,21384,8515,22788,28215,40707,13943,26221,30155
湖北省人民医院(东院),83215,23337,34801,21808,19043,38880,31732,33831,27740,7417,69676,35253,45338,27923,30183,48504,36579,12857,15560,31699,52571,50282,49754,41697,58571,60903,32637,36824,50361,29961,31954,27667,44561,35406,35847,32886,28929,26536,29742,68188,31694,68242,32395,56708,27026,27246,19531,21543,18396,28152,17259,19345,15775,29081,11530,0,84715,83838,52098,46823,35105,35598,30356,30089,28497,30945,33284,31029,31029,29908,29234,29234,29462,32224,22499,23319,24057,23567,22548,18820,28873,18080,26733,14057,29081,12009,21189,0,10536,47973,45479,21674,29063,27356,65553,34403,30168,83608,52334,68245,28713,17715,27290,36096,48828,23143,35421,33641
武汉市新洲区中医医院,1960,63798,56668,73893,76856,72766,78384,87870,68201,86610,67763,66774,116324,88559,72038,76354,96186,64263,95688,80799,106568,104279,88608,90908,132609,134941,89739,78363,64867,85639,78062,81378,66787,72844,73285,68614,72708,75791,68692,57992,65374,57978,66777,56930,73899,67831,76715,74469,76386,65637,106307,103785,77229,63901,77979,84104,0,940,106096,80466,82347,70772,80151,72034,73170,70902,71561,70159,70159,69309,70634,70634,69048,70960,78824,77862,76962,75795,72717,75296,65163,104468,63502,80498,63901,78283,58766,84104,68359,39076,111974,90760,69444,88666,70012,68340,81541,1532,106331,57110,102751,78630,64687,73534,87110,76806,78556,87680
新洲区人民医院,1035,62444,55314,72539,75502,71412,77030,86516,66847,85256,66409,65420,114970,87205,70684,75000,94832,62909,94334,79445,105214,102925,87254,89554,131255,133587,88385,77009,63513,84285,76708,80024,65433,71490,71931,67260,71354,74437,67338,56638,64020,56624,65423,55576,72545,66477,75361,73115,75032,64283,104953,102431,75875,62547,76625,82750,1721,0,104742,79112,80993,69418,78797,70680,71816,69548,70207,68805,68805,67955,69280,69280,67694,69606,77470,76508,75608,74441,71363,73942,63809,103114,62148,79144,62547,76929,57412,82750,67005,37722,110620,89406,68090,87312,68658,66986,80187,1166,104977,55756,101397,77276,63333,72180,85756,75452,77202,86326
武汉济和医院,105096,47627,42243,37049,36964,27921,28823,24938,43388,71652,59663,34277,14150,31558,30344,41785,28761,53299,56714,22270,1391,2160,20083,8948,38559,40890,28759,21369,42981,25280,26406,25247,36398,34226,34666,30465,29661,29774,33477,58174,32179,58228,34600,60186,39340,38626,35782,36711,37986,41734,51577,52308,40538,55011,43703,51950,106596,105720,0,25690,23555,32154,27447,30250,29261,31106,35804,31154,31154,33643,33454,33454,33846,33314,33203,32505,37428,36939,41793,40173,42456,52991,44129,39735,55011,43618,53054,51950,49282,63960,9592,38994,33913,31665,45482,33106,22748,105490,1092,58231,51275,38126,43369,34915,21142,36515,23203,24748
武汉太康医院,79910,33527,29635,26262,32155,9517,17019,19013,29288,50781,49391,15873,23707,25633,18540,22982,27328,51224,45352,17197,24580,22291,3639,16745,50205,52536,20882,10040,23057,19355,16697,20013,17994,15822,16262,16334,18899,21982,18114,47902,18079,47956,20873,49913,25720,24526,30973,28051,30128,27634,42051,45437,35729,36607,38894,46025,81410,80534,24107,0,18745,13750,18785,17404,19194,17442,17400,19350,19350,17612,21650,21650,22042,19214,28394,25127,25962,26239,29936,32515,28355,43858,30029,34926,36607,38809,38953,46025,44473,49860,19357,33069,22109,25740,35210,19005,17939,80304,24343,47959,44506,33317,29269,16511,2940,24798,12277,18823
武汉龙阳医院,82732,31867,26484,18712,18627,14611,10486,8054,27629,38405,48835,18196,19560,7939,12007,25835,16369,34962,32977,3954,23305,21016,24126,12929,37612,39943,9923,8898,25911,4195,9883,4901,21107,14125,14566,14706,11324,11438,15140,47347,16420,47401,16263,49358,21003,22867,17445,18374,19649,25975,29675,33061,22201,32678,25367,33649,84232,83356,22832,21195,0,14463,9110,11914,10924,12770,15724,12817,12817,15306,15117,15117,15509,17555,14866,14168,19092,18602,23456,22136,26696,31483,28370,21398,32678,25281,37294,33649,30945,48201,19701,19393,15576,8046,40038,17346,2140,83125,23068,47404,42880,19290,27610,14815,23200,18178,7494,7864
武汉市中心医院（后湖院区）,69526,20470,15087,12796,16431,6428,8760,19105,16231,41318,35853,2838,30611,18936,6244,13172,27420,38936,43646,12033,32405,30116,17059,24569,46159,48491,20974,10717,13247,16015,8439,11754,7610,2356,2796,2919,8051,11134,4648,34364,5022,34418,7817,36376,12663,11470,16304,14058,20549,14578,40345,43731,21392,26223,28651,36561,71026,70150,31932,14128,13582,0,10527,7358,10935,5423,3937,6157,6157,4146,7203,7203,6862,6157,15509,14279,12496,12773,16880,19459,15299,42152,16973,26824,26223,29404,25897,36561,33491,36804,29576,31362,7226,19042,27304,3429,12776,69919,32168,34421,53876,22793,16212,3045,16133,11332,9791,18915
湖北省第三人民医院,78371,20554,18761,10842,12084,9959,1744,14616,19905,37088,46174,11745,26122,11465,3054,21183,18183,32917,36175,5489,27823,25534,21546,17469,38689,41020,14241,6979,21258,8544,3030,4284,16455,7805,7826,9515,2213,4434,6341,44686,11374,44740,7463,46697,12204,13458,11261,10504,12581,18252,32874,36260,14366,35068,23322,32332,79871,78995,27350,18615,7225,9288,0,3354,1814,4210,7331,4017,4017,6507,6317,6317,6710,8508,8810,7579,9971,10761,14656,12542,18973,34681,20646,19354,35068,23237,25981,32332,28901,40478,22475,23892,6776,11572,35386,12301,5993,78765,27585,44743,46405,17745,19886,8494,20620,10337,5452,14426
华中科技大学同济医学院附属同济医院,77107,19823,18030,12603,13568,8695,956,15181,19175,37654,44910,10481,26688,12031,2477,19919,18749,33483,36741,6054,28388,26099,20282,18034,39254,41586,14807,6477,19994,9110,1296,4849,15191,6541,6562,8251,2836,5919,5610,43421,10110,43475,6733,45433,11473,12728,12745,11988,14065,17521,33440,36825,15850,33804,23888,32897,78607,77731,27915,17351,7791,8024,2722,0,3297,3239,6601,3287,3287,5776,5587,5587,5979,7777,10295,9064,11455,12245,13926,14026,18242,35247,19916,19919,33804,23802,25250,32897,29466,39747,23041,24457,6046,12137,34122,11037,6558,77501,28151,43479,46971,18310,19156,7230,19356,11139,5206,14991
武汉市第四医院,72114,20199,18405,10153,11395,11079,2367,15677,19550,35351,47295,13017,27183,9850,2589,22304,19245,31180,34878,6550,28884,26595,22667,18530,39750,42081,15302,7569,22379,9606,3757,5345,17576,6836,5903,8547,1556,3746,5986,45806,10222,45860,7108,47818,11848,13103,10572,9815,11892,17896,31577,34963,13677,24599,21585,30594,73614,72738,28411,19736,8287,8319,2500,2723,0,3578,6976,3662,3662,6151,5962,5962,6355,8152,8122,6891,9282,10072,14301,11853,18617,33384,20291,17616,24599,21499,25625,30594,27163,40122,23536,21303,6421,9957,36506,12167,7054,72508,28647,45863,44790,16007,19531,7526,21741,9648,6042,15487
华中科技大学同济医学院附属协和医院,69517,17601,15808,10381,13858,10481,2742,16968,16953,39440,41058,10419,28474,13817,1152,18737,20536,35269,38528,7841,30175,27886,22069,19821,41041,43372,16594,8264,18813,10897,3083,6636,13176,4334,3386,6178,3125,6209,3388,39570,7624,39624,4511,41581,9251,10506,13036,11643,14355,15299,35226,38612,16140,22001,25674,34684,71017,70141,29702,19138,9578,5817,3811,2016,3586,0,4379,1065,1065,3554,3365,3365,3757,5555,10585,9354,10081,10358,11704,14317,16020,37034,17694,21706,22001,25589,23028,34684,31253,37525,24827,26244,3823,13924,32869,9569,8345,69910,29938,39627,48757,20097,16933,5023,21143,8917,6993,16778
长江航运总医院,70564,15868,15208,9705,13340,8713,6759,20652,16353,36808,36668,4676,32158,17834,6055,16985,24552,34333,38104,11857,31163,28874,20241,23837,45057,47389,20610,12265,17061,14913,7099,10652,11687,2172,2359,2524,6725,9808,1231,35179,3257,35233,2568,37191,7517,8567,13213,10967,13837,14699,34803,38189,17705,27262,24141,32052,72065,71188,30690,17310,15129,4098,8525,6051,7186,3788,0,4175,4175,1027,4112,4112,4083,3491,12121,12953,9405,9682,11028,15772,15420,36610,17094,20974,27262,19849,21294,32052,28981,36925,28844,30260,3684,17940,32544,4400,12361,70958,30926,35236,38546,19106,16334,1913,19315,8241,11009,20462
武汉亚洲心脏病医院,68885,16969,15176,9748,13384,11008,3269,17494,16320,37909,40426,9787,29001,14344,1054,19212,21062,35434,39054,8367,30701,28412,22595,20347,41567,43899,17120,8790,19287,11423,3609,7162,15445,4808,3860,5546,2860,6183,2756,38937,6992,38991,3878,40949,8619,9873,13257,11011,13881,14667,35753,39138,15666,21369,25242,33153,70385,69508,30228,19664,10104,6291,3713,2543,3482,1410,3746,0,0,2922,1962,1962,2516,4923,10559,9328,9449,9725,11071,12990,15388,37560,17061,22232,21369,19893,22396,33153,31779,36893,25354,26770,2583,14450,36302,8937,8871,69278,30464,38994,49284,16324,16301,4567,21669,8285,7519,17304
武汉亚心总医院,68885,16969,15176,9748,13384,11008,3269,17494,16320,37909,40426,9787,29001,14344,1054,19212,21062,35434,39054,8367,30701,28412,22595,20347,41567,43899,17120,8790,19287,11423,3609,7162,15445,4808,3860,5546,2860,6183,2756,38937,6992,38991,3878,40949,8619,9873,13257,11011,13881,14667,35753,39138,15666,21369,25242,33153,70385,69508,30228,19664,10104,6291,3713,2543,3482,1410,3746,0,0,2922,1962,1962,2516,4923,10559,9328,9449,9725,11071,12990,15388,37560,17061,22232,21369,19893,22396,33153,31779,36893,25354,26770,2583,14450,36302,8937,8871,69278,30464,38994,49284,16324,16301,4567,21669,8285,7519,17304
武汉市儿童医院,71021,16057,15340,9883,13518,8461,6373,20399,16485,36997,37125,5100,31906,17448,4454,16846,24166,34522,38294,11472,30910,28621,19988,23452,44672,47003,20224,12012,16922,14527,6714,10267,11284,2033,1914,2752,6339,9422,1421,35636,3714,35690,2949,37647,7707,8949,13391,11145,14015,14831,34992,38378,15800,27718,24330,32241,72521,71645,30438,17057,14877,3845,8140,5665,6801,3632,953,3790,3790,0,4290,4290,3949,3948,12299,12567,9583,9860,11206,15962,15552,36800,17226,21163,27718,20027,21484,32241,29171,37057,28458,29875,3874,17555,30978,4629,11975,71415,30673,35693,38735,19296,16466,1774,19062,8419,10624,20209
华中科技大学同济医院附属梨园医院,68360,16960,14651,9637,13272,13440,5701,19927,14391,37901,41326,10687,31433,16776,3719,20369,23495,35426,35211,10800,33134,30845,25028,22780,44000,46332,19553,11223,20444,13856,6042,9595,16345,5555,5437,6274,5167,7435,3485,39837,7892,39891,3954,41849,8177,10773,13145,10899,13769,15567,31910,35296,15554,26312,21002,33144,69860,68984,32661,22097,12537,7367,6379,4994,5689,3861,4475,2726,2726,3650,0,0,1769,5822,12053,11895,9337,9614,10960,12879,16288,33717,17961,18080,26312,19781,22387,33144,27627,36368,27787,26512,1835,16883,37202,9837,11304,68754,32897,39894,35653,16213,17201,5296,24102,8173,9952,19737
武汉市中心医院,68360,16960,14651,9637,13272,13440,5701,19927,14391,37901,41326,10687,31433,16776,3719,20369,23495,35426,35211,10800,33134,30845,25028,22780,44000,46332,19553,11223,20444,13856,6042,9595,16345,5555,5437,6274,5167,7435,3485,39837,7892,39891,3954,41849,8177,10773,13145,10899,13769,15567,31910,35296,15554,26312,21002,33144,69860,68984,32661,22097,12537,7367,6379,4994,5689,3861,4475,2726,2726,3650,0,0,1769,5822,12053,11895,9337,9614,10960,12879,16288,33717,17961,18080,26312,19781,22387,33144,27627,36368,27787,26512,1835,16883,37202,9837,11304,68754,32897,39894,35653,16213,17201,5296,24102,8173,9952,19737
武汉市中医医院,68623,15378,14914,9004,12639,13852,6113,20339,12808,36318,40165,9525,31845,17188,3323,19414,23907,33843,34578,11212,33546,31257,25440,23192,44412,46743,19965,11635,19490,14268,6454,10007,15184,4601,4482,5320,6080,9162,2530,38676,6731,38730,2393,40687,7027,9612,12512,10266,13136,14405,31277,34663,14921,24729,23651,31562,70123,69247,33073,22509,12949,6413,7880,5405,6541,4273,3521,2330,2330,2696,1868,1868,0,4661,11420,12307,8705,8981,10327,12246,15126,33084,16800,17447,24729,19148,20805,31562,28491,36631,28198,25879,603,17295,36041,8676,11716,69017,33309,38733,35020,15580,16040,4342,24514,7540,10364,20149
解放军中部战区总医院（汉口院区）,69884,16313,10930,11055,14690,10587,7571,22526,12074,37161,35987,5348,34032,18646,6867,18861,25364,34779,36753,12669,33037,30748,22115,24650,45869,48201,21422,14139,16672,15725,7912,11464,11006,5763,6204,2914,7537,10620,3520,34499,2553,34553,2479,36510,7625,6431,14564,12318,15511,10421,33451,36837,16353,17123,24494,32404,71384,70508,32564,19184,17003,5955,9337,6863,7998,5730,3538,4987,4987,4138,5463,5463,5121,0,13471,13765,10756,11032,11841,14420,11142,35259,12815,19622,17123,25247,21740,32404,29334,32647,29656,31072,4273,18752,31864,4498,16197,70277,32800,34556,37194,17754,12055,4672,21189,9592,13212,22336
武汉大学人民医院,77812,16845,25649,4946,6188,19320,12172,19030,16372,28489,55535,21106,30536,11437,10059,30544,22904,24318,29425,12139,32438,30149,31273,22084,43409,45741,18962,17264,30619,12820,12394,8107,25816,17166,13147,18876,8805,6976,12142,54047,20735,54101,14352,56058,8659,12073,4053,4607,6685,15799,26124,29510,8470,26197,14723,23733,79312,78435,31965,28342,11841,18649,10797,9966,8374,10822,13132,10906,10906,12307,11634,11634,11861,15396,0,1253,2990,2894,9362,6646,16520,27931,18193,10754,26197,14638,22272,23733,20301,42571,27091,17142,11463,11544,44747,21662,10608,78205,32201,54104,39328,9145,17433,17855,30347,4776,15861,18840
武汉市第三医院,76782,15815,24619,3916,5158,17605,8619,19690,15343,28765,49870,19230,31197,12097,9029,28830,23108,24594,27832,10421,32747,30459,29193,22394,43614,45945,19166,15151,28905,13469,9971,8427,21892,13050,12117,14760,7775,6694,12199,48381,16435,48435,13322,50392,7294,10708,4335,3578,5655,14433,24530,27916,7440,25167,12887,24008,78282,77406,32275,26262,12202,14533,9082,8936,7344,9792,13190,9876,9876,12365,10268,10268,10496,14366,1454,0,2829,2733,8332,5616,15154,26338,16828,11030,25167,11667,21242,24008,20577,41541,27400,18777,10097,12204,43032,18380,10917,77175,32510,48438,40964,8833,16068,13739,28267,3411,13795,19500
湖北省中医院,76835,15869,21842,3571,5551,17855,8869,19790,13516,29146,47091,16452,31296,13048,9279,29079,23357,24975,31443,10670,32997,30708,29442,22643,43863,46194,19415,15400,29154,13719,10220,8676,22141,13299,12366,12248,8025,6943,9458,45603,13657,45657,10545,47614,5975,9390,4717,3232,6049,13115,28141,31527,7834,25221,13281,24390,78335,77459,32524,26511,12451,14782,9331,9185,7593,10041,10449,10125,10125,9624,8950,8950,9178,11589,4700,3763,0,1358,7203,6010,13836,29949,15510,11412,25221,12061,21296,24390,20959,41594,27649,19159,8779,13155,43282,15602,11167,77229,32760,45660,41346,9227,14750,11270,28516,2092,14045,19600
武警湖北省总队医院,75150,14183,21597,2369,4424,17587,8601,22809,13271,28019,46847,16208,34315,14045,9011,28811,26245,23848,30315,10402,35047,32758,29174,24693,46750,49082,22303,15133,28886,16599,9952,10716,21866,11285,12098,12004,7757,6675,9214,45358,13413,45412,10300,47370,5731,9145,3589,2031,4921,12871,27014,30399,6706,23535,12153,23262,76650,75773,34574,26243,14450,14514,9064,8917,7326,9773,10204,9857,9857,9379,8706,8706,8933,11344,3572,2636,1323,0,6959,4882,13592,28821,15265,10284,23535,10933,19610,23262,19831,39909,29699,18031,8535,14152,42723,15358,13217,75543,34810,45415,40218,8099,14505,11025,28248,1848,18469,22619
武汉市中南医院,72080,11114,20575,3206,6154,20248,12509,27374,10641,27587,46242,15603,38880,18610,11805,25810,30302,23416,26983,16141,39612,37323,31835,29258,50808,53139,26360,18030,25885,21164,12850,15281,21261,10997,10878,11716,12475,12415,8926,44754,12808,44807,10012,46765,5681,8599,6028,3782,6651,14066,23682,27068,6584,20465,13821,22831,73580,72704,39139,28904,19015,12809,14275,11801,13065,10668,9916,9926,9926,9092,8418,8418,8646,11057,8137,7175,7285,5108,0,4651,14787,25489,14819,9853,20465,10822,16540,22831,19400,36839,34264,20115,8247,18717,42118,14753,17782,72473,39375,44811,27425,7985,15701,10738,30909,6121,16760,27184
湖北省妇幼保健院,74011,13044,21608,4462,1629,21470,12484,26196,13798,23968,49790,19151,37702,17312,12894,32663,29632,19797,23364,14286,38945,36656,33058,28591,50138,52469,25690,23771,30475,19986,13836,14614,24809,14728,15982,16717,11640,10559,12657,48301,16356,48355,15306,50313,9413,12147,4128,3576,1160,15100,20062,23448,2438,22396,7896,19211,75511,74634,38472,30127,18348,19757,12947,12801,11209,13657,13648,13741,13741,12823,12149,12149,12377,14765,6282,5320,6104,5614,5459,0,15821,21870,16750,4936,22396,6676,18471,19211,15780,38770,33598,16496,11978,17418,45666,18301,17115,74404,38708,48358,23805,4365,16734,14469,32132,5190,22368,26006
武汉市普仁医院,64517,8021,13264,13447,16191,18834,17665,30773,2923,33250,44496,13857,42279,30604,16962,27107,39088,27624,36963,23701,41284,38995,30362,32931,57827,60159,32642,22385,25180,27683,18006,23422,19515,14010,14450,11490,17632,20714,13615,43007,10298,43061,12573,36139,9552,5605,16269,14023,15721,1355,33662,37048,16564,6897,20583,30196,66017,65141,40811,27431,25250,14201,22195,16958,18093,15825,14709,15082,15082,14233,15557,15557,15216,10828,18378,17416,13384,13660,12052,14631,0,35469,2590,19833,6897,21337,12892,30196,26792,34981,37938,30095,14368,30710,40372,13007,24444,64911,41047,43064,37405,17965,1829,14699,29436,12219,21459,30583
江夏区纸坊街社区卫生服务中心,102522,34108,42672,25782,22484,46863,36147,31640,34862,14132,70854,40214,44922,25732,34427,54519,36939,28159,3871,36114,49647,47358,47562,47195,38406,40737,30446,38085,54594,27770,36369,32758,45873,41141,41162,37780,33173,32119,33716,69365,37419,69419,36369,71376,30471,33210,23775,25787,23587,36163,3039,1616,23464,44383,21285,17802,104022,103146,49175,44631,32913,43650,34772,34334,32742,35190,37258,38479,38479,33882,33208,33208,33436,35829,26743,27563,28301,27811,26522,22794,36884,0,42035,22659,44383,21023,36491,17802,25838,67281,46142,12442,33037,25164,66730,39364,33599,102916,49410,69422,1784,19948,37798,41830,46636,27387,36682,31450
华润武钢总医院,63400,5689,13115,15256,18219,20939,19771,32878,4153,34239,47990,15962,44384,32709,19067,28810,41194,23692,40472,25807,43389,41100,32467,35036,59933,62264,34747,24491,28675,29788,20112,25528,22875,16115,16556,13595,19737,22820,15720,46502,12403,46556,14679,35022,11068,7711,18077,15831,17749,3366,35690,43217,18592,5780,21180,26263,64901,64024,42916,29536,27355,16307,24300,19063,20199,17930,16814,17188,17188,16338,17663,17663,17321,12933,20187,19225,14900,17157,14080,16659,2986,41953,0,21861,5780,21484,10560,26263,22860,30987,40043,32123,16473,32816,43867,15112,26549,63794,43152,46559,43574,19993,858,16805,31541,13735,23564,32688
湖北省荣军医院,78246,17280,25844,8954,5453,26025,18878,26691,18034,18524,54025,23386,38197,17807,17328,37250,30127,14353,20036,18845,39144,36855,37979,28790,50633,52964,26185,23970,37325,20481,19100,14813,29044,23872,20416,20952,16074,13682,16888,52537,20591,52591,19541,54548,14172,16382,6677,7399,4983,19335,20558,23943,2362,26632,3913,13768,79746,78870,38671,35048,18547,23993,17502,17235,15643,18091,20430,18175,18175,17054,16380,16380,16607,19001,9645,10464,11202,10713,9694,3991,20056,22365,20986,0,26632,3418,22954,13768,10337,43005,33796,16991,16209,17913,49902,22536,17314,78640,38907,52594,24301,4861,20970,24561,37053,10289,22567,26501
武汉市石化医院,63697,10363,13412,20458,23421,29150,23575,36682,8659,37351,48287,23158,48188,38142,22871,29107,44997,26804,43584,29611,55127,52838,39782,47292,63737,66068,38551,28295,28972,33592,23915,29331,23171,19919,20360,17399,23541,29667,19524,46798,16207,46852,18482,35319,15462,11515,23280,21034,22952,7264,40892,46329,23795,0,24292,29376,65197,64321,54655,36851,31159,20111,28104,22867,24002,21734,20618,20991,20991,20142,21466,21466,25896,16737,25389,24427,23527,22360,19282,21862,6790,45065,5129,27063,0,24596,12425,29376,25972,34099,52298,43307,25497,38248,44163,18916,30353,64091,54890,46855,46686,25196,6314,20608,38856,23371,27368,36492
湖北省中医院（光谷院区）,68531,18472,27104,10224,8057,31165,24018,31831,18053,16368,58335,27696,43337,22946,22468,40947,35267,11899,19798,23985,44284,41995,43118,33930,55772,58104,31325,29110,39020,25621,24240,19953,33354,27850,28290,25330,21214,18822,19085,56847,24137,56900,21187,51687,15840,19689,11817,10003,7587,20595,20457,22543,4884,24060,1702,11611,70031,69154,43811,40187,23687,28041,22642,22375,20783,23231,20075,23315,23315,19250,18577,18577,18804,24668,14785,11747,12531,12042,11206,6595,21316,21278,21712,3779,24060,0,16168,11611,8545,33290,38936,22130,18406,23053,54211,26846,22454,68924,44046,56904,22900,10000,22269,20896,42192,11618,27706,31641
武汉市武东医院,57343,10816,19385,20911,23874,33342,29907,47519,12192,29405,54260,28365,59025,41610,29203,35080,50267,18858,35638,38209,55792,53503,45755,55385,70772,73103,46325,36893,34945,43649,30247,36604,29144,28518,28958,25998,29873,35473,25856,52771,24806,52825,23919,41291,20917,20357,28468,21486,23404,12753,36297,38383,20217,12409,16346,21430,58843,57967,55319,42824,39758,28709,31673,29199,30334,28066,24803,27323,27323,24740,26120,26120,26348,25336,25842,24880,23979,22812,19735,22314,13296,37119,10611,22994,12409,16650,0,21430,18026,22102,59166,35361,25949,41043,50136,27515,38952,57737,55555,52828,38740,26652,11168,29207,44829,23823,35967,47329
武汉大学人民医院（东院）,83215,23337,34801,21808,19043,38880,31732,33831,27740,7417,69676,35253,45338,27923,30183,48504,36579,12857,15560,31699,52571,50282,49754,41697,58571,60903,32637,36824,50361,29961,31954,27667,44561,35406,35847,32886,28929,26536,29742,68188,31694,68242,32395,56708,27026,27246,19531,21543,18396,28152,17259,19345,15775,29081,11530,0,84715,83838,52098,46823,35105,35598,30356,30089,28497,30945,33284,31029,31029,29908,29234,29234,29462,32224,22499,23319,24057,23567,22548,18820,28873,18080,26733,14057,29081,12009,21189,0,10536,47973,45479,21674,29063,27356,65553,34403,30168,83608,52334,68245,28713,17715,27290,36096,48828,23143,35421,33641
华中科技大学同济医学院附属同济医院（光谷院区）,74155,16656,28121,17791,15026,34862,27715,34813,21060,16699,62996,34205,46319,28904,26166,43816,37561,7640,22932,27682,47981,45692,50735,37627,58066,60397,33618,32807,43681,29318,27937,23650,37880,34359,34799,31839,24911,22519,25725,61507,30647,61561,29760,50028,23009,26198,15514,17526,14379,21620,23591,25677,11758,22400,6312,8724,75655,74779,47508,47804,27384,34550,26339,26072,24480,26928,30644,27012,27012,25891,25217,25217,25445,31177,18482,19302,20040,19550,18531,14803,23960,24413,20053,10040,22400,7208,14508,8724,0,38914,46460,22655,25046,28337,58872,33356,26151,74549,47744,61564,26034,13698,20610,35048,49809,19126,31404,34623
湖北省第三人民医院阳逻院区,37816,26162,24564,36257,39221,40736,39567,52675,30566,48974,54162,35759,64181,52506,38864,41428,60990,26628,58052,45603,63186,60897,52264,54833,94973,97305,54544,44287,41293,49585,39908,45324,35493,35912,36352,33392,39534,42616,35517,44391,32200,44377,33602,43329,36264,35704,39079,36833,38751,31403,68672,66149,39594,32183,40343,46468,39316,38439,62713,49333,47152,36103,44097,38860,39995,37727,36611,36984,36984,36135,37459,37459,35874,32730,41189,40227,39326,38159,35081,37661,33743,66832,29836,42862,32183,40648,21130,46468,30723,0,59840,53125,36270,52612,56410,34909,46346,38209,62949,43509,65115,40995,30393,36601,51338,39170,43361,52485
武汉蔡甸火神山医院,95100,45192,38494,30753,30668,24707,22527,13238,39639,50166,65197,31062,5444,25018,24048,38171,18356,50609,44737,18327,9620,8561,18985,4829,36347,38679,13669,17651,38247,18739,22749,18951,33184,26136,26576,26716,23365,23479,27181,63709,28430,63763,28304,65720,33044,34299,29486,30415,31690,37985,41436,50097,34242,51797,37408,45409,96600,95723,9147,18876,17259,28939,21151,23955,22965,24811,28172,24858,24858,27347,27158,27158,27550,29348,26907,26209,31133,30643,35497,33877,38706,50780,40380,33439,51797,37322,50619,45409,42986,60211,0,32453,27617,25124,51017,29357,16453,95493,9383,63766,49063,31830,39620,26825,20044,30219,19505,12319
武汉雷神山医院,94802,28984,37548,19138,17360,36506,22756,21284,29738,20543,66119,37027,32790,15375,24277,41128,24031,26823,13012,22723,40023,37734,37206,29150,44537,46868,20089,27729,41203,17414,22978,19367,36400,27750,27771,33537,21594,18728,27411,64631,35251,64684,28534,66642,22487,28087,17872,18800,18463,31040,9711,13097,18340,43047,23254,21624,96303,95426,39550,34275,22557,33294,21381,24184,21163,25040,28401,25088,25088,27577,27388,27388,25690,29578,17965,18780,19518,19028,21399,17670,31761,11518,40700,17535,43047,20081,35155,21624,24503,59561,32931,0,25291,14808,55331,36177,23243,95196,39786,64688,12598,14824,32674,28439,36280,18604,26325,21094
武汉市红十字会,66848,14964,13139,10987,13936,11442,6892,21118,12395,35904,39486,8847,32624,17967,3604,19714,24686,33429,37201,11991,34325,32036,22970,23971,45191,47522,20744,12414,20171,15047,7233,10786,14505,4901,5088,5492,6859,9941,2811,37997,6052,38051,1979,40009,6614,8656,13809,11563,15959,13727,33900,37285,16802,24316,23237,31148,68348,67471,33852,20039,13728,6826,8659,6184,7320,5052,3270,2611,2611,2977,2253,2253,1182,3982,11701,13086,8985,9262,12289,14869,14448,35707,16121,20070,24316,21039,20391,31148,28078,34856,28977,26160,0,18074,35362,7997,12495,67241,34088,38054,37643,18203,15361,4642,22044,7821,11143,20928
武汉国际博览中心,87079,28835,28593,14420,14335,18666,11519,11571,29589,33217,54882,20453,23077,106,13040,29891,14318,33661,27789,11486,30310,28021,27493,19437,34824,37155,10376,15954,29966,4786,11741,7347,25163,16512,16534,18223,9716,6849,16174,53393,20082,53447,17296,55405,17769,23291,13153,14082,15357,28084,24487,27873,17909,38187,21074,28461,88579,87702,29837,24562,8755,17996,10143,12947,9285,13803,17164,13850,13850,16339,16150,16150,16543,18340,10574,11585,14799,14310,18997,17521,28805,26295,30479,17106,38187,20989,34262,28461,26653,50310,23218,15505,16609,0,44093,21009,11468,87472,30073,53450,26943,14675,29719,17202,26567,13886,14551,11381
慈善总会联合仓库,69840,47391,30694,42785,46871,28694,34312,48919,42094,67180,24407,27823,61581,44487,33594,21611,57235,63832,67643,38511,51826,49537,33866,56588,84221,86552,47264,34532,16219,41567,33990,37306,27938,29705,30145,29663,36193,39275,34711,22918,30885,22972,33669,24930,38515,37321,45606,43360,46401,40440,64342,97970,47244,44662,54513,66403,71340,70463,51353,40352,43396,27633,36079,34698,36487,32772,32610,36178,36178,33220,36653,36653,36311,32009,43651,42420,41946,42222,42732,45311,41161,66149,44263,50512,44662,55267,52818,66403,63000,56215,57232,56914,35463,44594,0,29389,42590,70233,51589,22975,96937,48645,42075,30394,32367,40782,39605,48729
武汉市江岸区应急管理局,66325,19451,14068,15904,19989,10099,11694,22038,15213,40299,32429,1780,33544,21869,11176,11691,30353,37917,40762,14967,32549,30260,21627,24196,49092,51424,23907,13650,11218,18948,11372,14687,5762,5275,4544,2188,11846,14929,5345,30940,3460,30994,6787,32952,11634,10440,18725,16479,19520,13559,37461,40846,20363,23023,27632,35543,67826,66949,32076,18696,16515,3227,13460,11172,13868,10039,4194,9296,9296,5026,9771,9771,9430,5128,17780,18074,15065,15341,15850,18430,14280,39268,15954,23631,23023,28386,24878,35543,32472,35785,29203,34295,8582,21975,28305,0,15709,66719,32312,30997,41203,21764,15193,4793,20701,13900,12724,21848
武汉市汉阳区应急管理局,82127,29232,25436,14793,14709,13715,6567,9817,26580,35214,49930,17148,21323,9834,8088,24939,18132,31043,34545,2296,23024,20735,21858,12670,37058,39390,12611,7849,25014,6914,6789,2988,20211,11561,11582,13658,7405,7519,11222,48441,15371,48495,12345,50453,17085,18340,13527,14455,15731,24927,31243,34629,18283,38824,21448,30458,83627,82751,22551,18927,1469,13414,5191,7995,7006,8851,12212,8899,8899,11388,11198,11198,11591,13389,10948,10250,15173,14684,19538,17918,25648,33051,27322,17480,38824,21363,34659,30458,27027,47153,17676,22261,11657,9941,39142,16298,0,82521,22786,48498,44775,15871,26561,12250,20932,14260,6446,9627
武汉市新洲区应急管理局,427,62514,55384,72609,75572,71482,77100,86586,66917,85326,66479,65490,115040,87275,70754,75070,94902,62979,94404,79515,105284,102995,87324,89624,131325,133657,88455,77079,63583,84355,76779,80094,65503,71561,72001,67330,71424,74507,67408,56708,64090,56694,65493,55646,72615,66547,75431,73185,75103,64353,105024,102501,75946,62617,76695,82820,1532,746,104812,79183,81063,69488,78867,70750,71886,69618,70277,68875,68875,68025,69350,69350,67764,69676,77540,76578,75678,74511,71433,74012,63879,103184,62218,79214,62617,76999,57482,82820,67075,37792,110690,89476,68160,87382,68728,67056,80257,0,105047,55826,101467,77346,63403,72250,85826,75522,77272,86396
武汉市蔡甸区应急管理局,105034,47565,42181,36987,36902,27859,28760,24876,43326,71590,59601,34215,13880,31496,30282,41723,28699,53236,56652,22208,1044,2965,20021,8886,38497,40828,28697,21307,42919,25217,26344,25185,36336,34164,34604,30403,29598,29712,33415,58112,32117,58166,34538,60124,39278,38564,35720,36649,37924,41672,51514,52246,40476,54949,43641,51888,106534,105658,1311,25628,23492,32092,27385,30188,29199,31044,35742,31092,31092,33581,33392,33392,33784,33252,33141,32443,37366,36877,41731,40111,42393,52929,44067,39673,54949,43556,52992,51888,49220,63898,9530,38931,33850,31602,45420,33044,22686,105427,0,58169,51213,38064,43307,34853,21080,36453,23141,24686
黄陂区应急管理局,56353,50160,38181,45554,49640,36686,41344,51689,44863,69950,4003,30593,68334,51520,40827,28364,60004,67915,70413,44617,58578,56289,40618,63340,90973,93305,53558,42284,29444,48599,41023,44338,30708,36765,37205,32432,41497,44579,37480,1388,33654,1746,36438,3383,41285,40091,48376,46130,49170,43210,67111,70497,50013,47431,57283,69173,57853,56976,58106,47104,46166,34693,43111,40822,43519,39832,35380,38947,38947,35990,39422,39422,39081,34779,47431,47724,44715,44992,45501,48080,43931,68919,47032,53282,47431,58036,55587,69173,65769,42728,63984,63946,38233,51626,22022,32159,45360,56746,58341,0,103689,51414,44844,37454,39120,43551,42375,51499
武汉市江夏区应急管理局,100721,35533,44097,27207,23909,46975,34417,37571,36287,15552,100985,41639,43120,25844,35938,52788,35137,37532,5273,34384,47846,45557,58148,45393,36604,38936,36787,38198,52864,27882,34638,31028,48060,39410,39432,39205,33143,30276,39071,99496,38845,99550,37794,101507,32956,34636,25201,27212,25012,37588,4464,1137,24889,45802,22704,28417,102221,101344,47373,44744,33026,43763,33041,35845,32712,36700,38683,36748,36748,39237,39048,39048,34861,37254,28434,29249,29987,29497,27947,24219,38309,1876,43455,24084,45802,22443,37910,28417,27258,65480,44341,12705,34462,25277,86804,40790,33711,101114,47609,99553,0,21373,39223,40099,46749,29073,36794,37320
洪山区应急管理局,78307,17340,25904,9014,3880,27769,20622,22341,18094,25176,54086,23447,33847,13456,17659,38994,25777,19451,19508,20589,41230,38941,38413,30356,46282,48614,21835,25057,39069,16131,20844,17233,29105,25616,20747,21012,16405,14013,16948,52597,20652,52651,19601,54608,13704,16443,7008,9019,6819,19395,16207,19593,6696,26692,9856,20420,79807,78930,40757,35482,17859,24053,19246,17566,15974,18422,20491,18506,18506,17114,16440,16440,16668,19061,9975,10795,11533,11044,9755,6026,20117,18014,21046,5891,26692,9770,22767,20420,15434,43065,33988,12640,16269,13563,49962,22597,20571,78700,40993,52654,19950,0,21030,26305,37487,10620,23654,22151
武汉市青山区应急管理局,63869,6711,13585,13326,16289,20080,18912,32019,3294,35261,45742,15103,43526,31850,18208,28354,40335,24715,41495,24948,42530,40241,31608,34178,59074,61405,33888,23632,26427,28930,19253,24669,20761,15257,15697,12737,18878,21961,14862,44254,11544,44307,13820,35491,10210,6852,16148,13902,15820,2507,33760,37146,16663,6250,22202,27286,65370,64493,42058,28677,26497,15448,23441,18204,19340,17072,15955,16329,16329,15479,16804,16804,16463,12075,18257,17295,14041,15228,12150,14729,2127,35568,1280,19931,6250,22506,11583,27286,23882,32010,39184,30193,15614,31957,41618,14253,25690,64263,42293,44311,37503,18063,0,15946,30682,12877,22706,31829
武汉市江汉区应急管理局,72836,21626,16243,10787,14423,7103,5356,19749,17387,42474,39163,6019,31255,17067,3830,16482,23786,40091,41778,11091,30260,27971,18690,23071,44291,46622,19844,11361,16557,14147,4542,9886,10920,1382,432,2865,5315,8398,2640,37675,6178,37729,4312,39686,9069,10254,14296,12050,14920,15734,38476,41862,16705,29534,29807,37717,74337,73460,29787,15759,14226,3194,8658,4622,5777,3009,1947,3592,3592,2137,4987,4987,4854,4942,12774,11543,10488,10764,12110,14029,16455,40284,18128,24956,29534,20932,27053,37717,34503,37960,28077,29494,5236,17174,30614,4857,11595,73230,30022,37732,52007,17363,17368,0,17764,9324,8423,19559
武汉市东西湖区应急管理局,86350,36188,32296,28922,34816,12178,19680,21674,31949,53442,40917,18534,23858,28294,21201,23039,29989,53885,48013,19858,20467,21468,1753,19406,52866,55197,23543,12701,24235,22016,19358,22673,20655,18483,18923,18995,21560,24643,20775,39428,20740,39482,23534,41440,28381,27187,33634,30712,32789,30295,44712,48098,38390,39268,41555,48686,87850,86974,19995,3161,21406,16411,21446,20065,21854,20103,20061,22011,22011,20272,24311,24311,24703,21875,31055,27788,28623,28899,32597,35176,31016,46519,32690,37587,39268,41470,41614,48686,47134,52521,19508,35730,24770,28401,26736,21666,20600,86744,20230,39485,47167,35978,31930,19172,0,27459,14938,21484
武汉市武昌区应急管理局,75473,14506,20425,2894,5338,19700,10714,23723,12099,28933,45675,15035,35229,14959,11124,24925,27159,24762,31229,12516,35961,33672,31288,25607,47664,49996,23217,20787,25001,17513,12066,11630,20694,10112,9993,10831,9870,8789,8041,44186,12241,44240,9128,46197,4559,7973,4503,3560,5835,11698,27928,31313,7620,23858,13067,24176,76973,76096,35488,28357,15364,11924,11177,11031,9439,9784,9032,9041,9041,8207,7533,7533,7761,10172,4486,3550,1770,2047,5841,5796,12419,29735,14093,11198,23858,11847,19933,24176,20745,40231,30613,18945,7362,15066,41551,14186,14131,75866,35724,44243,41132,9013,13333,9853,30362,0,19383,23533
武汉市硚口区应急管理局,78181,27317,21933,16626,20128,9190,4979,12241,23078,40633,44285,13646,23747,14380,6500,21285,20556,36462,38733,5170,22731,20443,15094,14399,41799,44130,14110,2185,21360,11739,5129,7081,16557,9575,10015,10155,6859,8969,9633,42796,11869,42850,10756,44807,15496,16751,18946,15102,17179,21424,35432,38818,23702,28127,26867,35877,79681,78805,22259,12163,6718,9912,4613,6407,6213,7262,9040,7310,7310,9799,9610,9610,10002,13004,16367,12178,14569,15359,17949,23337,22145,37239,23819,22899,28127,26782,32744,35877,32446,43650,19406,26449,10069,14487,35487,12796,5912,78575,22494,42853,49320,21290,23059,10264,14168,15162,0,12051
武汉市经济技术开发区(汉南区)应急管理局,86947,36083,30699,23994,22532,22035,14701,1055,31844,37584,53051,22411,12162,12213,16222,30051,9442,38028,32156,10449,25551,23262,22734,14678,30684,33016,2754,13113,30126,9572,14098,11776,25322,18341,18781,18921,15539,15046,19356,51562,20635,51616,20478,53573,25218,27082,22727,23656,27202,30190,28854,32240,27079,36893,29271,32828,88447,87571,25079,19803,7941,18678,13325,16129,15139,16985,19939,17032,17032,19521,19332,19332,19725,21770,18771,18383,24374,23884,28571,26409,30911,30662,32585,25303,36893,29186,46360,32828,35707,52416,12303,19872,19791,12319,44253,21562,8627,87341,25314,51619,42464,23563,31825,19030,21808,23460,11710,0
